category,event_name,cancellation_status,cancellation_reason,rescheduled_date,venue_name,event_rating,event_type,date,start_date,end_date,min_age,description,goingto_count,entry_price
LIVE,Hallowed Drove: The Futureheads (Barry Hyde Acoustic) & Ponyland,0,,,The Warehouse Penrith,4,Nightclub,2017-10-28,2017-10-28T20:00:00+00:00,2017-10-29T00:00:00+00:00,18,"Join us to party into the night - 4 hours of live music, halloween and drovers themed fancydress prizes - Real Ale  and Class DJs.",77,5
THEATRE,"Rita, Sue and Bob Too",0,,,Cast,0,Theatre,2017-11-07,2017-11-07T19:30:00+00:00,2017-11-10T19:30:00+00:00,15,"A vivid portrait of girls caught between brutal childhood and an unpromising future, both hungry for adult adventure.",0,£18.50 (£16.50 concs)
LIVE,Absolute Bowie,0,,,Old Fire Station,4,live,2017-10-27,2017-10-27T20:00:00+00:00,2017-10-27T23:30:00+00:00,18,Absolute Bowie: Celebrating the life of David Bowie,44,15.00
LIVE,Motown with Motown Live Revue,0,,,100 Wardour St,3,live,2017-11-01,2017-11-01T21:00:00+00:00,2017-11-01T22:30:00+00:00,0,Join us for an evening of entertainmnet from Motown with Motown Live Revue,0,Standard: GBP 0
CLUB,WHP17 - ANTS Halloween Takeover,0,,,The Warehouse Project,4,Nightclub,2017-10-28,2017-10-28T20:00:00+00:00,2017-10-29T04:00:00+00:00,18,The Warehouse Project in Manchester - ANTS,1385,£35
THEATRE,The Birmingham Blues Brothers Tribute Show,0,,,Theatre Royal Dumfries,0,live,2017-11-05,2017-11-05T19:30:00+00:00,2017-11-06T22:00:00+00:00,18,The UK's Premier Blues Brothers Will Be On A Mission From God On Sunday 5th November 2017 @ The Theatre Royal Dumfries - Don't Be Late !!!,0,£12.00
BARPUB,Lock & Key,0,,,The Fitzgerald Heaton Moor,0,bar,2017-11-04,2017-11-04T17:00:00+00:00,2017-11-05T00:00:00+00:00,18,Grab those dancing shoes... it's time to party on The Moor!,0,Free
CLUB,SHIFT,0,,,Proud Camden,3,live,2017-10-27,2017-10-27T22:00:00+00:00,2017-10-28T02:30:00+00:00,18,"SHIFT: EVERY FRIDAY AT PROUD CAMDEN
For club listings, tickets or to book a private table head to;
http://www.shiftldn.com/",3,£8
FEST,Resident Evil Live Playthrough,0,,,The Banshee Labyrinth,4,live,2017-10-27,2017-10-27T14:00:00+00:00,2017-10-31T16:30:00+00:00,18,Live playthrough of the survival horror gaming series,0,Free
LIVE,Spoon,0,,,Junction,4,Nightclub,2017-11-09,2017-11-09T19:00:00+00:00,2017-11-09T23:00:00+00:00,0,Spoon appearing at Cambridge Junction.,0,£22.5
LIVE,ICP Orchestra,0,,,Widcombe Social Club,4,live,2017-11-06,2017-11-06T18:45:00+00:00,2017-11-06T22:30:00+00:00,0,"From ragtime to swing, bop to free jazz, classical to carnival with the cream of experimental music",0,£21 (£18)
FEST,Shakespeare Schools Festival,0,,,Contact Theatre,4,live,2017-11-09,2017-11-09T19:00:00+00:00,2017-11-17T22:00:00+00:00,0,Join your local schools as they perform in the world's largest youth drama festival!,0,£7 Concession | £10 Standard
LIVE,Chantel McGregor,0,,,Pennington's Octagon,0,live,2017-10-28,2017-10-28T19:30:00+00:00,2017-10-29T09:45:00+00:00,18,"Chantel McGregor, one of the most exciting rock &#8211; blues musicians in the UK!",0,From £14 + fees
LIVE,Speakeasy,0,,,100 Wardour St,3,live,2017-10-28,2017-10-28T20:30:00+00:00,2017-10-29T00:15:00+00:00,0,Join us for an evening of entertainmnet from Speakeasy,0,Standard: GBP 0
THEATRE,Chesham Theatre Company presents: The Titfield Thunderbolt,0,,,Elgiva Theatre,0,Nightclub,2017-11-09,2017-11-09T19:45:00+00:00,2017-11-11T22:30:00+00:00,6,Ealing Comedy classic about a village that needs to save the steam train!,0,From £13.50
EDU,BBC Radio 1Xtra Sessions: How To Break Into Radio,0,,,HOME,5,Gallery,2017-10-29,2017-10-29T13:30:00+00:00,2017-10-29T14:15:00+00:00,16,Join in this session to learn what goes on behind the scenes at Radio 1Xtra and to see if there&#8217;s a place there for you.,82,£00.00
LIVE,DJ Format & Abdominal,0,,,The Magnet,4,live,2017-11-02,2017-11-02T19:30:00+00:00,2017-11-02T23:00:00+00:00,18,DJ Format & Abdominal return to Liverpool!,5,12.500
EXHIB,The Power of One,0,,,City Hall,0,Other,2017-10-31,2017-10-31T08:30:00+00:00,2017-11-14T17:30:00+00:00,0,"The Power of One, a photography exhibition shining light on the issue of stem cell and bone marrow donation. ",0,£0
FEST,The Skeptic Psychic,0,,,The Banshee Labyrinth,4,live,2017-10-27,2017-10-27T18:30:00+00:00,2017-11-01T07:30:00+00:00,18,Don't believe in fortune telling but always wanted to give it a try?  The Skeptic Psychic is here to help!,0,Free
CLUB,Halloween Special with Les Croasdaile,0,,,Mint Lounge,4,Nightclub,2017-10-28,2017-10-28T22:30:00+00:00,2017-10-29T03:00:00+00:00,18,Funkademia at Mint Lounge with Les Croasdaile,60,£5 before 11 / £6 after
BARPUB,It's Not Your Average Quiz Night,0,,,Bierkeller Manchester,2,bar,2017-10-30,2017-10-30T20:00:00+00:00,2017-10-30T23:00:00+00:00,18,"£50 CASH PRIZE! Every Monday! 
",0,£1
LIVE,Curved Air & Galley Beggar ,0,,,The Mick Jagger Centre,4,live,2017-11-03,2017-11-03T19:00:00+00:00,2017-11-03T23:00:00+00:00,0,An evening of Prog/Folk Rock,0,20.00
CLUB,Noels House Party,0,,,Sink Bar,1,Nightclub,2017-11-04,2017-11-04T21:30:00+00:00,2017-11-06T02:00:00+00:00,18,"Noel&#8217;s House Party, every Saturday @ Sink Pong Shoreditch.

",0,5
LIVE,Fairport Convention - 50th Anniversary,0,,,Nell's Jazz And Blues,4,live,2017-10-29,2017-10-29T19:30:00+00:00,2017-10-29T23:00:00+00:00,18,Enjoy an evening of musical celebration with Fairport Convention at this golden anniversary concert.,15,£20
LIVE,Broughton Astley Open Mic,0,,,Dunton Bassett Arms,0,bar,2017-11-01,2017-11-01T20:00:00+00:00,2017-11-01T23:00:00+00:00,18,"It&#8217;s already fairly busy on a Wednesday, and there&#8217;s a lot of enthusiasm for this monthly event, which is open to all.",0,Free
CLUB,Zombie Apocalypse... The Safe Zone ,0,,,Revolution Deansgate Locks,3,bar,2017-10-28,2017-10-28T22:00:00+00:00,2017-10-29T03:00:00+00:00,18,As a Zombie Apocalypse breaks out in Manchester.... the only place to keep safe is Revolution Deansgate Locks. ,248,£3/5/6/7/8 + fees 
CLUB,Transmission Funk presents DJ Boring & Harrison BDP (All Night Long),0,,,Soup Kitchen,4,Nightclub,2017-11-09,2017-11-09T23:00:00+00:00,2017-11-10T03:00:00+00:00,18,Join us as we invite DJ Boring & Harrison BDP to play a 'All Night Long' set at Soup Kitchen.,410,£6 adv
LIVE,Social Repose,0,,,FAC 251 The Factory,3,Nightclub,2017-11-06,2017-11-06T19:00:00+00:00,2017-11-06T23:00:00+00:00,14,Electronic dance pop recording artist who started the musical project Social Repose.,5,£9.00
COMEDY,Laughing Chili Comedy Night,0,,,Riverside Arts Centre,4,Theatre,2017-11-04,2017-11-04T20:30:00+00:00,2017-11-04T22:45:00+00:00,16,"November comedy in Sunbury with the amazing John Lenahan headlining; Tony Marrese as MC; Benji Waterstones, Harriet Braine, and Peter Ford.",0,£12
COMEDY,Comedy Night at Chickenshed headlined by Joe Bor,0,,,Chicken Shed Theatre,0,Theatre,2017-11-03,2017-11-03T20:00:00+00:00,2017-11-03T22:30:00+00:00,16,"A fantastic evening headlined by comedian, writer and actor Joe Bor",0,10.00
CLUB,Halloween Bollywood Boat and After Party ,0,,,Tower Millennium Pier,4,Other,2017-10-27,2017-10-27T19:30:00+00:00,2017-10-28T03:00:00+00:00,18,1 Ticket 2 Parties ,46,23
FEST,Keep Calm and Scary On - Horror Magic,0,,,The Banshee Labyrinth,4,live,2017-10-28,2017-10-28T19:30:00+00:00,2017-10-31T20:30:00+00:00,18,Paranormal themed magic show from the creators of the Edinburgh Horror Festival 2016 sell out show 'How to Talk to the Dead' resurrects for the EHF,0,free
CLUB,Deadly Disney Halloween Pub Crawl,0,,,The Shoreditch,2,bar,2017-10-28,2017-10-28T19:00:00+00:00,2017-10-29T02:00:00+00:00,18,It's terrifying how much fun our Halloween Pub Crawl Parties are. Join the chorus of Pub Crawlers...,0,£17.50 - £30.00.
CLUB,The Saturday Social ft. Leonardo Gonnelli,0,,,Stage And Radio,4,Nightclub,2017-11-04,2017-11-04T22:00:00+00:00,2017-11-05T02:00:00+00:00,18,"Remember, remember the 4th of November... 'cos Leonardo Gonnelli is in town and he's going to blow the basement up with his sounds...",103,£5 £10
BOOKS,Reverb Poetry Night,0,,,Project B,3,bar,2017-11-07,2017-11-07T19:00:00+00:00,2017-11-07T21:00:00+00:00,15,"Nestled in the heart of Croydon Town Centre Writerz and Scribez bring an unforgettable cocktail of poetry, music and conversation. ",0,"£5 general, £7 On the Door"
LIVE,Black Rebel Motorcycle Club,0,,,O2 Academy Birmingham,4,live,2017-10-28,2017-10-28T19:00:00+00:00,2017-10-28T23:00:00+00:00,0,Black Rebel Motorcycle Club appearing at Birmingham O2 Academy 1.,0,£25
KIDS,School of Wizardry,0,,,Meadowhall Shopping Centre,5,Other,2017-10-30,2017-10-30T10:00:00+00:00,2017-11-05T15:00:00+00:00,0,"Master the art of wandmaking, specialise in spell-creating and become brilliant on the broomstick at Meadowhall's ",0,Free
FEST,Fireworks Celebration,0,,,Woolston Manor Golf And Country Club,3,Sports,2017-11-05,2017-11-05T17:00:00+00:00,2017-11-05T23:00:00+00:00,1,"Join us and more than 1,000 others for the biggest fireworks display in town on the 5th November @ Woolston Manor Golf and Country Club. ",111,£10.00 Adults - £5.00 Children
LIVE,DUO Arnicans Interview Concert,0,,,St Paul's Cafe,0,live,2017-11-02,2017-11-02T19:00:00+00:00,2017-11-02T21:45:00+00:00,7,Piano & Cello staged In The Round with interviews and audience questions,0,"Adult £13, WSS memb £11, Student £5, Up-to-18s "
CLUB,YADA YADA - A Monstrous Ball,0,,,The Old Abbey Taphouse,4,bar,2017-10-27,2017-10-27T20:00:00+00:00,2017-10-28T03:00:00+00:00,18,We put on the best nights in town. Simple. ,0,Pay As You Feel
FILM,Beetlejuice,0,,,The Black Box Belfast,0,live,2017-10-29,2017-10-29T18:30:00+00:00,2017-10-29T23:00:00+00:00,18,"IT&#8217;S SHOWTIME!

Say it once, say it twice, third time&#8217;s the charm.

Adam and Barbara are a normal couple&#8230;who happen to be dead. They have ",0,£5
CLUB,Trick or Treat feat. The Chuckle Brothers,0,,,Fiction And Vinyl,4,Nightclub,2017-10-31,2017-10-31T22:00:00+00:00,2017-11-01T04:00:00+00:00,18,"Following on from last years sell out event, The Chuckle Brothers return...",0,Price 1 - £5.00.
CLUB,Hip Hop Karaoke,0,,,Queen Of Hoxton,3,live,2017-11-09,2017-11-09T19:00:00+00:00,2017-11-10T02:00:00+00:00,18,The UK's original Hip Hop Karaoke takes a weekly residence at the Queen of Hoxton! ,1,£5 adv / £7 OTD
LIVE,Chantel McGregor,0,,,The Greystones,4,live,2017-11-03,2017-11-03T19:30:00+00:00,2017-11-04T10:45:00+00:00,18,"Chantel McGregor, one of the most exciting rock &#8211; blues musicians in the UK!",0,From £13 + fees
CLUB,Rotate #2,0,,,Suju,4,Nightclub,2017-11-03,2017-11-03T23:00:00+00:00,2017-11-04T05:00:00+00:00,18,"After a succesful launch night for Rotate we are back with our Second event. 
",87,"£5.00+BF Pre Sale Tickets, Will be more on the doo"
CLUB,Kiss FM's Steve Smart,0,,,The Solstice,3,Nightclub,2017-11-03,2017-11-03T21:00:00+00:00,2017-11-04T04:00:00+00:00,18,Kiss FM's Steve Smart returns for his monthly residency,0,FREE B4 11 £5 after
FEST,Off The Record,0,,,Various Venues Around Manchester,4,live,2017-11-09,2017-11-09T09:30:00+00:00,2017-11-11T04:00:00+00:00,18,"Multi venue live music festival curated by Kendal Calling, BBC 6 Music, Radio X, Sound City, Cabbage and loads more...",2,15+
FEST,Resident Evil Live Playthrough,0,,,The Banshee Labyrinth,4,live,2017-10-27,2017-10-27T14:00:00+00:00,2017-10-31T16:30:00+00:00,18,Live playthrough of the survival horror gaming series,0,Free
LIVE,"Jacqui Dankworth & Charlie Wood: Just You, Just Me",0,,,FTH Theatre,0,Theatre,2017-11-09,2017-11-09T19:30:00+00:00,2017-11-09T23:00:00+00:00,18,"Multi award winning vocalist, Jacqui Dankworth, is joined by acclaimed American pianist-vocalist, Charlie Wood & her stellar musicians at FTH Theatre.",0,£18
FEST,Skeptics at the Horror Festival,0,,,The Banshee Labyrinth,4,live,2017-10-28,2017-10-28T19:45:00+00:00,2017-10-28T21:15:00+00:00,18,3 spine-tingling talks from the people who brought you the award winning Skeptics on the Fringe.  ,0,Free
FEST,How to be a Psychic Conman - magic you can do too!,0,,,The Banshee Labyrinth,4,live,2017-10-27,2017-10-27T16:45:00+00:00,2017-10-31T17:30:00+00:00,18,"Learn how to move objects with your mind, psychically manipulate your finest silverware and read the minds of your peers. ",0,Free
EXHIB,Bonfire & Fireworks display,0,,,Wimbledon Park,0,Other,2017-11-04,2017-11-04T17:15:00+00:00,2017-11-04T22:00:00+00:00,0,Bonfire & Fireworks display is One of the most popular fireworks display....,0,GBP 0 - GBP 25
THEATRE,DBY Halloween - Wonderland 29th Oct 9.40pm,0,,,Camp And Furnace,4,bar,2017-10-29,2017-10-29T21:45:00+00:00,2017-10-29T22:45:00+00:00,18,Horror and scare event where you are taken on a journey to #SaveAlice. Meeting gruesome and cruel characters on the way.,0,15
LIVE,Seafoal,0,,,Eagle Inn,4,live,2017-11-06,2017-11-06T19:30:00+00:00,2017-11-06T23:00:00+00:00,18,"Dark-pop soloist from Lancashire, based in Cardiff",0,£6
CLUB,Post Midnight Manchester - free party,0,,,Club VIVA,2,Nightclub,2017-10-27,2017-10-27T22:45:00+00:00,2017-10-28T04:00:00+00:00,18,"POST MIDNIGHT presenting a night full of fear and terror with live scare actors, specially themed cocktails + freakishly cheap drinks!",85,"Free, £5, £7"
KIDS,bedford family roller disco - summer shutdown,0,,,Bunyan Centre,0,Nightclub,2017-10-28,2017-10-28T15:00:00+00:00,2017-10-28T16:30:00+00:00,5,"At RollBack we provide the best experience on 8 wheels. Its great family fun for all at our Roller Disco. Games, Skate hire & Pads available",0,£4 Entry incl. skate hire
CLUB,Speed dating Brighton 21-35yrs dating event,0,,,Maggie Maes Brighton,0,bar,2017-11-02,2017-11-02T20:00:00+00:00,2017-11-02T22:00:00+00:00,18,Meet loads of new people in a relaxed atmosphere at this popular Brighton venue.,0,Standard - £10.00
EDU,BBC Radio 1Xtra Sessions: Women In Media,0,,,HOME,5,Gallery,2017-10-29,2017-10-29T12:30:00+00:00,2017-10-29T13:30:00+00:00,16,Jamz Supernova and industry insiders reveal how they dream big but stay true to themselves. This event is open to girls/women only.,59,£00.00
LIVE,Havoc From Mobb Deep Live In Leicester,0,,,2Funky Music Cafe,4,live,2017-11-02,2017-11-02T19:00:00+00:00,2017-11-02T23:00:00+00:00,18,"HAVOC
Kejuan Muchita better known by his stage name Havoc, is an American rapper and record producer. He was one half of the hip-hop duo Mobb Deep.",23,£15 Early Birds. £20 Standard . More On The Door
DATE,luton 30s to 50splus party for singles and couples,0,,,Luton Rugby Club,0,Sports,2017-11-03,2017-11-03T20:30:00+00:00,2017-11-04T01:00:00+00:00,30,Come along to our popular friday night party for 30s to 50splus - singles and couples welcome at this fabulous venue ...,0,£8 online or £10 on the door
CLUB,Bicep (Live) + Hammer + Lo Shea + More TBA,0,,,Hope Works,4,Nightclub,2017-10-27,2017-10-27T23:45:00+00:00,2017-10-28T07:00:00+00:00,18,The mighty Bicep are touring their brand new album which drops on Ninja Tune on 1st sept. They come to Hope Works with Hammer and its going to be sik!,920,12-20
LIVE,The Universal,0,,,E Rooms,4,live,2017-11-04,2017-11-04T19:30:00+00:00,2017-11-05T01:00:00+00:00,16,The Universal Live @ E Rooms,24,£8
LIVE,Lutterworth Open Mic,0,,,The Chequers,0,bar,2017-11-08,2017-11-08T20:00:00+00:00,2017-11-08T23:00:00+00:00,18,"If you know anyone that lives in the area, please encourage them to come - they&#8217;ll be made very welcome. Any acoustic instrument or style",0,Free
LIVE,Live Indie Psych Rock at the Lanes!,0,,,The Lanes,4,Nightclub,2017-11-03,2017-11-03T19:00:00+00:00,2017-11-03T22:00:00+00:00,18,"DONUT RECORDS PRESENTS
A night of live indie and psych rock!
",5,Adv Tickets £4
LIVE,"Attila The Stockbroker, TV Smith + Support",0,,,The Underground,0,Nightclub,2017-11-05,2017-11-05T19:00:00+00:00,2017-11-05T23:00:00+00:00,18,"Attila the Stockbroker returns to Plymouth, joined by TV Smith (of The Adverts fame) and local support - poetry and music for the masses!",0,10
THEATRE,Around the World in 80 Days,0,,,Guildford's Yvonne Arnaud Theatre,0,Theatre,2017-10-31,2017-10-31T19:00:00+00:00,2017-11-04T22:00:00+00:00,0,Tuesday 31 October &#8211; Saturday 4 November,0,Variable
FUND,Concert for the Caribbean,0,,,The 1865,4,live,2017-11-01,2017-11-01T19:00:00+00:00,2017-11-01T23:00:00+00:00,18,"Spectacular variety show featuring a raft of the best names in tributes, comedy and live music to support hurricane relief efforts in the Caribbean.",0,15
BARPUB,M.E.S Beer Pong Tournament ,0,,,The Three Sisters,4,bar,2017-10-29,2017-10-29T20:00:00+00:00,2017-10-30T03:00:00+00:00,18,"Three Sisters 29th October @ 20:00.
2v2 beer pong tournament.
What more could you want?
",1,£3
LIVE,Claudia Morris: Let There Be Love,0,,,Crazy Coqs At Brasserie Zedel,0,bar,2017-11-02,2017-11-02T21:15:00+00:00,2017-11-03T10:30:00+00:00,0,"Claudia Morris is one of the UK's finest jazz singers, wowing audiences with her sensational voice and performance.",0,£18
THEATRE,Son of a Preacher Man,0,,,Assembly Hall Theatre Tunbridge Wells,0,live,2017-10-31,2017-10-31T19:30:00+00:00,2017-11-04T22:00:00+00:00,0,"Three broken hearts, one Soho hang-out, and the only man who could ever help them...",0,Front Stalls & Circle From: £15.
LIVE,The Cheap Thrills - Halloween Party - Live Music ,0,,,The Magnet,4,live,2017-10-28,2017-10-28T19:30:00+00:00,2017-10-29T10:00:00+00:00,18,Live Music - Halloween Party - The Magnet,15,£6 in advance £7 on the door
CLUB,Halloween Tap N Ale,0,,,The Cow,4,live,2017-10-28,2017-10-28T19:00:00+00:00,2017-10-29T01:00:00+00:00,18,Halloween Tap N Ale returns! Get your tickets early as this event is bound to sell out!,170,£15
LIVE,London Concertante - Vivaldi Four Seasons by Candlelight,0,,,Southwark Cathedral,4,live,2017-11-04,2017-11-04T19:30:00+00:00,2017-11-04T21:30:00+00:00,0,London Concertante perform Vivaldi's Four Seasons by Candlelight!,3,£19 - £32
LIVE,Eighteen Vision Live,0,,,The Underworld Camden,4,Nightclub,2017-11-09,2017-11-09T18:00:00+00:00,2017-11-09T22:00:00+00:00,0,"Eighteen Visions plus support live 
Eighteen Visions is an metal band. Less than a year after their major label debut was released.",0,General Admission: GBP 25.00
CLUB,Garage Nation Leeds,0,,,O2 Academy Leeds,4,live,2017-10-27,2017-10-27T22:00:00+00:00,2017-10-28T05:00:00+00:00,18,Garage Nation returns to Leeds!,1551,5-20
LIVE,Straightshooter,0,,,DreadnoughtRock,4,live,2017-11-04,2017-11-04T19:00:00+00:00,2017-11-04T23:00:00+00:00,18,A night of classic Bad Company and Free tracks from a firm favourite at Dreadnoughtrock,0,£3.00
COMEDY,Comedy Carnival,0,,,Bar Rumba,3,Nightclub,2017-11-02,2017-11-02T20:00:00+00:00,2017-11-02T22:00:00+00:00,0,"Stand-up comedy show featuring Stefano Paolini, Carly Smallman, Matt Smith and Pete Jonas as MC.",0,£12 - £28
LIVE,From The Jam ,0,,,City Hall Salisbury,4,live,2017-10-28,2017-10-28T19:00:00+00:00,2017-10-28T23:00:00+00:00,18,"Featuring original Members of THE JAM, Bruce Foxton & Russel Hastings, From The Jam are a tour de force not to be missed.",0,£22.50
CLUB,BRAVE PRESENTS : JOEL CORRY,0,,,The Playhouse Nairn,4,Nightclub,2017-10-27,2017-10-27T22:00:00+00:00,2017-10-28T03:00:00+00:00,18,"The Biggest Halloween Party in the highlands!

Brave Presents : JOEL CORRY!",36,£10
LIVE,Bellevue Days / Seasonal / Flashfires,0,,,The Star Inn,4,live,2017-10-27,2017-10-27T20:00:00+00:00,2017-10-27T23:00:00+00:00,18,"Croydon four piece Bellevue Days recalls The X-certs at their most boisterous,  and Weezer at their perfect-pop-crunch best ",28,£5 Adv
CLUB,"Red Eye Carnival w/ Mike Skinner (DJ Set), Zed Bias, Spooky",0,,,O2 Ritz,3,live,2017-11-03,2017-11-03T23:00:00+00:00,2017-11-04T04:00:00+00:00,18,"Were back at it again with another MASSIVE line up of dancehall, bass music & grime! Not one to miss!",533,£2-20
FEST,Day and Night Carnival Party / LA FRiQUE / Dance + Tropical House,0,,,Proud Camden,3,live,2017-11-05,2017-11-05T15:00:00+00:00,2017-11-06T00:00:00+00:00,18,"After a summer of events on Costa del Sol Spain,
LA FRiQUE brings its Dance Music + Tropical House + Carnival Vibes combination to PROUD CAMDEN London",0,8
LIVE,Yellowe'en,0,,,Ironworks Venue,4,live,2017-10-27,2017-10-27T22:30:00+00:00,2017-10-28T02:00:00+00:00,18,"Colonel Mustard & The Dijon 5 will be bringing their peace, love and Mustard to Aberdeen for the first time on their Cross The Road 2017 Tour.",45,£10.00
CLUB,Halloween Weekender,0,,,FAC 251 The Factory,3,Nightclub,2017-10-28,2017-10-28T23:00:00+00:00,2017-10-29T03:00:00+00:00,18,>> SATURDAY 28th OCTOBER | HALLOWEEN BIG WEEKENDER | 11PM - 4AM ,231,Entry from £2
COMEDY,Murder Mystery Dinner and Show,0,,,Riverside Stadium,4,Sports,2017-10-27,2017-10-27T19:00:00+00:00,2017-10-27T23:00:00+00:00,18,"On the fringe of Halloween, the Riverside Stadium will be hosting a Murder Mystery Evening where you will get to play along as the plot unfolds...",0,£35
LIVE,DJs at Live Bar,0,,,Victoria Gate Casino   Live Bar,0,Other,2017-11-04,2017-11-04T23:00:00+00:00,2017-11-05T01:00:00+00:00,18,"Get the party started at Live Bar, where resident DJs will be playing some of the best tunes from 11pm to 1am.",0,Free Entry
EXHIB,Trapped in a Prison Van: An Immersive Escape Game,0,,,Bunker 51,0,Sports,2017-11-04,2017-11-04T18:30:00+00:00,2017-11-04T21:30:00+00:00,16,"Test your skills in an authentic prison van from the 1980's, refurbished to create the ultimate prison break experience.",0,30
CLUB,Embodied Audio's Embloodied Halloween Party Ft.Jaydan (Playaz),0,,,Club 43,4,Nightclub,2017-10-28,2017-10-28T22:00:00+00:00,2017-10-29T04:00:00+00:00,18,"So Embodied Audio are back this to bring you 'Embloodied Audio'.. The D&B Halloween party, across two floors in the unique venue that is club 43.",115,£5 Pre-Sale - More OTD
EDU,Oldbury Salsa Classes,0,,,The Royal British Legion,0,Other,2017-11-08,2017-11-08T19:30:00+00:00,2017-11-08T23:00:00+00:00,18,Salsa lessons for beginners,0,£6.00
KIDS,The Tiger Who Came to Tea,0,,,Princess Royal Theatre,5,Theatre,2017-11-03,2017-11-03T14:00:00+00:00,2017-11-03T15:30:00+00:00,3,"Following a smash-hit West End season, the tea-guzzling tiger is back on the road in this delightful family show! Family tickets available&#8230;",0,£13.44 / Family Ticket (2+2): £45.16
CLUB,Dance through the decades,0,,,The Village Hotel Bury,4,live,2017-10-28,2017-10-28T19:00:00+00:00,2017-10-29T01:00:00+00:00,18,"From 70's flare to 90's glow sticks, celebrate music from across the decades. Price includes 3 course meal & DJ.",0,£22.00
CLUB,Bez (Happy Mondays) plus guests ,0,,,Woodland Creatures,4,Nightclub,2017-11-03,2017-11-03T19:00:00+00:00,2017-11-04T01:00:00+00:00,18,The infamous Bez from Happy Mondays comes to Woodland Creatures as part of Manchester Week,32,9
CLUB,Smoking Kills,0,,,Miranda Bar,4,Nightclub,2017-11-09,2017-11-09T22:00:00+00:00,2017-11-10T03:00:00+00:00,0,"DJS: 
TAYLAH ELAINE
PHRH
BOSSY LDN
P-RALLEL",0,RSVP: GBP 5
CLUB,The Haunting 2017 ,0,,,Crane,4,Nightclub,2017-10-28,2017-10-28T21:00:00+00:00,2017-10-29T03:00:00+00:00,18,"The Midlands biggest Halloween party, The Haunting is back this October!",2474,From £12.50
KIDS,Sundays at The Lanes,0,,,The Lanes,4,Nightclub,2017-11-05,2017-11-05T00:00:00+00:00,2017-11-05T12:00:00+00:00,18,"The Lanes is the perfect place to unwind after a hectic weekend. Bowling, karaoke, pool and pizzas all on offer.",0,FREE
THEATRE,Hannay Stands Fast!,0,,,Llangollen Town Hall,4,Theatre,2017-11-02,2017-11-02T19:00:00+00:00,2017-11-02T22:00:00+00:00,12,'Hannay Stands Fast!' is a hilarious ripping yarn based on the John Buchan novel &#8220;Mr Standfast&#8221;.,3,£8 / £6 (concs.)
FOOD,Book your Christmas Party,0,,,Shaka Zulu,3,Nightclub,2017-11-01,2017-11-01T18:00:00+00:00,2017-11-15T20:00:00+00:00,0,"The nights are drawing in, there's a chill in the air - that can only mean one thing! It&#8217;s Christmas!!! Well... almost! ",0,Packages start from: GBP 45
LIVE,Brandy Clark,0,,,Birmingham Town Hall,4,live,2017-10-27,2017-10-27T19:30:00+00:00,2017-10-27T23:00:00+00:00,0,Brandy Clark appearing at Birmingham Town Hall.,0,£22.5
BARPUB,GAY Camp Attack,0,,,Heaven,4,Nightclub,2017-10-27,2017-10-27T23:00:00+00:00,2017-11-11T04:00:00+00:00,0,"Join us for an evening of entertainmnet from GAY Camp Attack
",0,free wrist band from GAY Compton Street: GBP 0
EXHIB,Guildford Preloved Vintage Kilo,0,,,Guildford Cathedral,3,live,2017-11-04,2017-11-04T10:00:00+00:00,2017-11-05T05:00:00+00:00,0,Brought to you by Preloved Vintage Wholesale. Shop through 6 tonnes of vintage and retro stock by weight and pay only £15 per kilo. ,1436,£1.50
LGB,Yaaas! Halloween Party staring Farrah Moan,0,,,The Venue,4,Nightclub,2017-10-28,2017-10-28T20:30:00+00:00,2017-10-29T01:00:00+00:00,16,"Yaaas! Presents the biggest, wildest& spookiest Halloween Party ever to be staged in Carlisle!",17,"Early bird £18.50, advanced £20, meet + greet £32 "
CLUB,Halloween Overdraft Mondays at the Leadmill ,0,,,The Leadmill,4,Nightclub,2017-10-30,2017-10-30T23:00:00+00:00,2017-10-31T03:00:00+00:00,18,Sheffield's biggest and best Student Mondays are back! Bringing you cheap bevs and massive student floorfiller bangers! ,3,£5
LIVE,SKA-LLOWEEN,0,,,Leaps And Bounds Ltd,4,live,2017-10-28,2017-10-28T19:00:00+00:00,2017-10-29T01:00:00+00:00,16,Manchester Ska Foundation bringing you SKA-LLOWEEN with DJ Caz Matthews taking your Back to The Eighties,88,10.00
BARPUB,Smartphone Pub Quiz,0,,,The Boulevard,0,live,2017-11-09,2017-11-09T20:30:00+00:00,2017-11-09T22:30:00+00:00,18,"Smartphone Pub Quiz hosted by Rob Star Entertainments.

No pens, no paper, no cheating!",0,£2.00
LIVE,90's Explosion,0,,,The Cliff Hotel,4,Hotel,2017-10-27,2017-10-27T19:30:00+00:00,2017-10-28T01:00:00+00:00,18,"90's Explosion with Cappella, Rozalla & Urban Cookie Collective!",12,£17.50
FILM,Crystal palace International Film Festival,0,,,Stanley Halls London,0,Other,2017-10-27,2017-10-27T19:30:00+00:00,2017-11-10T23:00:00+00:00,18,"Amazing Films from across the globe, Food & Drink, meet film makers",0,5
LIVE,Oye Santana &#8211; the music of Carlos Santana,0,,,Northcourt Music,0,live,2017-10-27,2017-10-27T20:45:00+00:00,2017-10-27T23:30:00+00:00,0,You&#8217;ll love Oye Santana. Awesome guitar plus a good-time fiesta performance from the first chink of tambourine to the get-up-and-boogie finale.,0,£10 (advance)
DANCE,Beginners 50s Jive dance lessons (Tue),0,,,SINBIN At The Plough And Harrow,0,live,2017-10-31,2017-10-31T19:45:00+00:00,2017-10-31T22:00:00+00:00,16,"Beginners 50s Jive dance lessons Jive, dance lessons, beginners, no experience needed

",0,£5.00
CLUB,Strut!,0,,,The Village,0,bar,,2017-11-04T19:00:00+00:00,2017-11-05T00:00:00+00:00,18,"Incendiary Soul!
Inflammatory Funk!
Dynamite Disco!
Hot House!",0,Free Entry
LIVE,Dr. Feelgood,0,,,The Wardrobe,4,live,,2017-11-04T22:00:00+00:00,2017-11-05T04:00:00+00:00,18,Dr. Feelgood has become one of the most popular live rhythm and blues acts in the world,0,£17.50
LIVE,The Complete Stone Roses & Definitely Oasis - Newcastle,0,,,Newcastle University Students Union,3,Nightclub,,2017-11-04T18:30:00+00:00,2017-11-04T23:00:00+00:00,18,After a packed show last year The Complete Stone Roses & Definitely Oasis return to Newcastle student union.,78,£12.50
FEST,Viva Variety starring Joe Longthorne,0,,,VIVA Blackpool,4,Theatre,,2017-10-29T19:45:00+00:00,2017-10-29T23:00:00+00:00,16,Viva Variety! Starring Joe Longthorne,0,Standard Seating - £22.50
KIDS,High Jinx Magic & Illusion Family Show,0,,,VIVA Blackpool,4,Theatre,,2017-10-27T18:00:00+00:00,2017-10-27T21:45:00+00:00,0,The Award Winning Michael Jordan presents his must-see magic show at Viva Blackpool.,0,Standard Seating - £12.50
LIVE,Audley Buckle's Superfly,0,,,The Nook,0,bar,,2017-10-28T20:00:00+00:00,2017-10-29T09:00:00+00:00,18,Live music,0,Free
COMEDY,Best In Stand Up - 9.30pm,0,,,The Comedy Store,4,live,,2017-11-04T21:00:00+00:00,2017-11-04T23:30:00+00:00,18,"Our highlight of the comedy week, where five of the best acts on the international comedy circuit, make you laugh out loud for over two hours",1,22
LIVE,Atomic Blondie + Support Nichola Harding,1,This is due to unforseen circumstances.  The Show will be reshedualed. ,,The Trades,4,live,,2017-10-28T19:30:00+00:00,2017-10-29T01:00:00+00:00,18,The Trades are proud to bring yet another Number 1 UK Tribute Band to Rotherham in the form of Atomic Blondie ,13,Early Bird  £10    Advance £14   OTD  £18  
SPORT,Autumn Colours & Sunday Lunches,0,,,Vale Of Rheidol Railway,0,Outdoors,,2017-11-05T11:00:00+00:00,2017-11-05T15:00:00+00:00,0,"Every Saturday and Sunday during November, take a unique glimpse of the stunning Rheidol Valley, ablaze with Autumn colours.",0,adult: £21 / child: £9 / senior: £20
LIVE,Wishbone Ash,0,,,The Flowerpot,4,live,,2017-11-07T21:30:00+00:00,2017-11-07T23:30:00+00:00,18,"The legendary WISHBONE ASH - pioneers of twin-guitar rock return to The Flowerpot, Derby.",8,£17.50
FEST,Oktoberfest Ipswich,0,,,Christchurch Park,3,Outdoors,,2017-10-27T18:00:00+00:00,2017-10-28T23:00:00+00:00,18,"The world famous Oktoberfest comes to Ipswich for a huge weekend of traditional Bavarian entertainment, food and drink.",2124,From £10 - see event description for prices
RELIG,Rockaoke,0,,,Radicals And Victuallers,0,other,,2017-11-03T20:30:00+00:00,2017-11-03T23:30:00+00:00,18,"Rockaoke are the UK's leading and only specialist live karaoke band, giving you the chance to unleash your inner rockstar!!",0,£0.00
LIVE,"Grunge-Stock Feat. Pearl Scam, Stone Temple Pirates, Angry Hair",1,"Foxy&#39;s Lomax has closed down. Venue changed to The 27 Club, 40 Victoria Street Liverpool on 24/0",2018-02-24,Foxy's Lomax,0,live,,2017-10-28T20:00:00+00:00,2017-10-29T01:00:00+00:00,18,Featuring three of the UK's finest grunge tribute acts plus Special Guests,34,8
CLUB,Harry Styles Gig Alternative,0,,,Tribeca,4,live,,2017-11-01T19:00:00+00:00,2017-11-01T23:30:00+00:00,18,Didn't get Harry Styles tickets? Join the party instead!,0,£10.00
LIVE,Wishbone Ash ,0,,,Bootleggers,4,live,,2017-11-09T19:30:00+00:00,2017-11-09T23:00:00+00:00,12,The classic rock bands of the late &#8217;60s and early &#8217;70s enjoy a unique place in popular musical history,123,£19.50
CLUB,Algo Mas,0,,,Union Club Vauxhall,4,Nightclub,,2017-11-02T23:45:00+00:00,2017-11-03T11:00:00+00:00,18,Every Thursday night / Friday morning at Union,1,10
CLUB,Algo Mas,0,,,Union Club Vauxhall,4,Nightclub,,2017-11-09T23:45:00+00:00,2017-11-10T11:00:00+00:00,18,Every Thursday night / Friday morning at Union,1,10
LIVE,Harry Styles,0,,,Eventim Apollo,4,live,,2017-10-30T19:00:00+00:00,2017-10-30T23:00:00+00:00,0,Harry Styles appearing at London Eventim Apollo.,0,£35-£47.5
BARPUB,Lock & Key,0,,,The Fitzgerald Heaton Moor,0,bar,,2017-11-04T17:00:00+00:00,2017-11-05T00:00:00+00:00,18,Grab those dancing shoes... it's time to party on The Moor!,0,Free
DATE,"Speed Dating Birmingham, ages 26-38 (guideline only)",0,,,The Vaults,3,bar,,2017-11-08T19:30:00+00:00,2017-11-08T21:45:00+00:00,18,"As we all know cities are a tough place to meet new people, we look to make it a whole lot easier. Enjoy a great night out with MySpeedDate!",8,14.99
EXHIB,The National Wedding Show,0,,,Manchester Central,4,live,,2017-10-28T10:00:00+00:00,2017-10-29T17:00:00+00:00,18,The UK's biggest wedding show is back in Manchester this autumn!,0,"Standard tickets £20 on the door, £35 VIP tickets "
THEATRE,Dracula: The Bloody Truth,0,,,The Old Market,4,Theatre,,2017-10-27T19:30:00+00:00,2017-10-27T21:45:00+00:00,8,"Le Navet Bete (Dick Tracy, The Wonderful Wizard of Oz) are back with their hilarious take on Bram Stoker's classic novel.",0,£11 - £48.
THEATRE,Jane Eyre - An Autobiography ,0,,,Taliesin Arts Centre,0,Theatre,,2017-11-02T19:30:00+00:00,2017-11-02T22:00:00+00:00,0,Jane Eyre and Master Edward Rochester take a dark journey towards sensual and intellectual liberation.,0,£12/£10
LIVE,"PP Presents GATEWAY DRUGS, STRANGE CAGES, VINYL STAIRCASE",1,Cancelled ,,The Birdcage,4,live,,2017-10-28T19:00:00+00:00,2017-10-29T00:00:00+00:00,18,Gateway Drugs ( Los Angeles USA ) Strange Cages ( Brighton ) Vinyl Staircase ( London ),1,5
LIVE,The Lady Boys of Bangkok,0,,,The Sabai Pavilion,0,Outdoors,,2017-11-04T18:00:00+00:00,2017-11-18T23:00:00+00:00,18,The Lady Boys of Bangkok are back! ,0,From £21
CLUB,C.U.Monday,0,,,Hula Tiki Bar,4,bar,,2017-10-30T21:00:00+00:00,2017-10-31T02:00:00+00:00,18,Come for tiki drinks and music every Monday. Guarenteed to be a happy ending.,0,Free
CLUB,The Chocolate Men London Show @ Spearmint Rhino,0,,,Spearmint Rhino,4,Nightclub,,2017-11-04T18:30:00+00:00,2017-11-04T22:00:00+00:00,18,"The Chocolate Men, The UK's Most Talked About Ladies Night. Perfect for Birthdays, Hen's, Girls Night Out & Staff Parties! Claim you free B'day ticket",3,£15-£20
CLUB,The Chocolate Men Southampton Show,0,,,Oceana,2,Nightclub,,2017-10-27T19:00:00+00:00,2017-10-28T00:00:00+00:00,18,"The Chocolate Men, The UK's Most Talked About Ladies Night. Perfect for Birthdays, Hen's, Girls Night Out & Staff Parties! Claim you free B'day ticket",3,£15-£20
CLUB,The Soul Collective,0,,,Ambleside Social Club,0,live,,2017-11-03T19:30:00+00:00,2017-11-04T00:30:00+00:00,16,"60's & 70's Northern soul, Motown & R&B",0,£5
LIVE,80&#39;S NIGHT,0,,,Rialto Reborn,0,Nightclub,,2017-10-28T19:30:00+00:00,2017-10-29T01:00:00+00:00,18,Showtime presents their very popular monthly 80's nights at the Rialto Reborn in Coventry,3,£10
THEATRE,The Addams Family Musical,0,,,The Orchard Theatre,0,Theatre,,2017-10-31T19:30:00+00:00,2017-11-04T21:45:00+00:00,0,Look who's moved into the neighbourhood! Everyone's favourite kooky family are now on stage in the UK premiere of this spectacular musical comedy.,0,Tickets From - £20.
CLUB,Creatures Of Cargo : Halloween Edition,0,,,Cargo,3,Nightclub,,2017-10-28T18:00:00+00:00,2017-10-29T05:00:00+00:00,18,Big Saturday Night Halloween Party ,252,FREE BEFORE 9PM / £5 - £25
LIVE,Rockers Revival 2,0,,,Byron Hall Harrow Leisure Centre Christchurch Avenue,4,live,,2017-11-04T16:00:00+00:00,2017-11-05T12:00:00+00:00,18,"Vintage all day 1950s/60s event featuring 4 live rock n roll bands and 3 DJ's. Various stalls will be there on the day selling Vintage clothes, etc.",35,£20 in Adv or £25 On the door.
THEATRE,Pocket Theatre Present : Ruddigore,0,,,Hanger Farm Arts Centre,0,Theatre,,2017-10-31T19:30:00+00:00,2017-11-03T22:00:00+00:00,0,Robin and Rose are normal healthy kids who end up at the home of Sir Despard Murgatroyd for a night they will never forget!,0,£12.50 Full/ £7.50 Fancy Dress
THEATRE,Murder Mystery Night,0,,,BEST WESTERN ROYAL CLIFTON HOTEL And SPA,5,Hotel,,2017-10-28T19:30:00+00:00,2017-10-29T10:30:00+00:00,18,Join us for our Spooktacular Murder Mystery Night!,0,25.00 per person
LIVE,Tom Robinson Band,0,,,Riverside Newcastle,4,live,,2017-10-28T19:30:00+00:00,2017-10-28T23:00:00+00:00,14,SSD Concerts presents the British punk rock Tom Robinson Band live in Newcastle,0,£20
CLUB,Twisted Circus Halloween Festival 2017,0,,,Building Six,3,Nightclub,,2017-10-27T21:00:00+00:00,2017-10-28T04:00:00+00:00,18,It's here.,81,Pre-sale - £10.95
LIVE,Evening of Smooth Soul with Irie J,0,,,The Essex Golf And Country Club,0,Hotel,,2017-11-03T19:30:00+00:00,2017-11-04T00:00:00+00:00,18,Irie J is back by popular demand,0,£15.00
DATE,Speed Dating in Bristol,0,,,Harvey's Cellars,3,Nightclub,,2017-11-01T19:00:00+00:00,2017-11-01T22:00:00+00:00,20,Speed Dating in Bristol,0,£20
LGB,DIVA Literary Festival,0,,,Hilton Birmingham Metropole Hotel,3,Nightclub,,2017-11-03T10:00:00+00:00,2017-11-04T17:00:00+00:00,0,The inaugural DIVA Literary Festival is taking place in November.,0,£50 -  £150
THEATRE,The Secret Keeper,0,,,The North Wall Arts Centre,0,Exhibition Centre,,2017-10-28T20:00:00+00:00,2017-10-28T22:00:00+00:00,0,"A political fairytale for adults &#8211; with songs, magpies and a murderous gothic heart.",0,£10-£14
CLUB,The Wonder pot w/ Dax J + ASOK,0,,,24 Kitchen Street,4,live,,2017-10-28T22:00:00+00:00,2017-10-29T04:00:00+00:00,18,Only 250 tickets available,402,£10 / 12.50 / 15
LIVE,The Opera Comic // Ashfields // Cora Pearl,0,,,The Rocking Chair,4,live,,2017-10-28T19:30:00+00:00,2017-10-28T23:00:00+00:00,18,Scruff of the Neck presents,2,6
CLUB,Halloween Weekend - Club Tropicana & Vogue,0,,,Club Tropicana,3,Nightclub,,2017-10-27T22:30:00+00:00,2017-10-29T02:00:00+00:00,18,Get ready for Dundee's BIGGEST Halloween party! Advance tickets and VIP packages now on sale for one of the busiest weekends of the year!,88,For the best deals order your tickets online
COMEDY,An Evening With Pam Ayres,0,,,Harrow Arts Centre,3,Theatre,,2017-11-09T19:30:00+00:00,2017-11-09T21:45:00+00:00,0,Come along for an evening of guaranteed entertainment and be captivated by one of Britain&#8217;s most beloved poets and funniest comics. ,0,£23
FEST,Westfest 2017,0,,,The Royal Bath And West Of England Society,4,Other,,2017-10-28T19:00:00+00:00,2017-10-29T05:00:00+00:00,18,"The biggest and best Rave event on the UK calendar returns to the Bath & West Showground. With Andy C, My Nu Leng, SASASAS and many more!",9398,From £37.50
LIVE,Beer Pigs live,1,Due to unforeseen circumstances,,Riverside Stadium,4,Sports,,2017-11-04T19:00:00+00:00,2017-11-05T00:00:00+00:00,18,"The Beer Pigs are exclusively booked for one date only, so don&#8217;t miss out book early.",2,£12
LIVE,DJs at Live Bar,0,,,Victoria Gate Casino   Live Bar,0,Other,,2017-10-27T23:00:00+00:00,2017-10-28T01:00:00+00:00,18,"Get the party started at Live Bar, where resident DJs will be playing some of the best tunes from 11pm to 1am.",0,Free Entry
CLUB,Let's Get Loco,0,,,Floripa,3,Nightclub,,2017-11-03T20:00:00+00:00,2017-11-04T03:00:00+00:00,18,Friday nights at Floripa are going LOCO! ,7,£5/£10/£15
LIVE,Curved Air & Galley Beggar ,0,,,The Mick Jagger Centre,4,live,,2017-11-03T19:00:00+00:00,2017-11-03T23:00:00+00:00,0,An evening of Prog/Folk Rock,0,20.00
COMEDY,Addams Family Comedy Dining,1,Lack of Interest,,Mercure Brighton Seafront Hotel,5,Other,,2017-10-27T19:00:00+00:00,2017-10-27T22:30:00+00:00,18,The perfect Halloween treat as you combine comedy greatness with a delectable 3 course meal.,0,38.00
THEATRE,Son of a Preacher Man,0,,,Assembly Hall Theatre Tunbridge Wells,0,live,,2017-10-31T19:30:00+00:00,2017-11-04T22:00:00+00:00,0,"Three broken hearts, one Soho hang-out, and the only man who could ever help them...",0,Front Stalls & Circle From: £15.
THEATRE,Son of a Preacher Man,0,,,Assembly Hall Theatre Tunbridge Wells,0,live,,2017-10-31T19:30:00+00:00,2017-11-04T22:00:00+00:00,0,"Three broken hearts, one Soho hang-out, and the only man who could ever help them...",0,Front Stalls & Circle From: £15.
CLUB,Sneak Every Tuesday,0,,,XOYO,4,Nightclub,,2017-11-07T22:00:00+00:00,2017-11-08T03:00:00+00:00,18,SNEAK / Every Tuesday / XOYO / 2 Rooms of Music / £2.50 Drinks / 10pm - 3am,18,£5 Advance / More On The Door 
CLUB,Slute Halloween with Alex P,0,,,Quartz Nightclub Cannock,4,Nightclub,,2017-10-28T22:00:00+00:00,2017-10-29T03:00:00+00:00,18,Slute returns for Halloween with the Ibiza Legend ALEX P,79,£7
LIVE,Harry Manx,0,,,The Flowerpot,4,live,,2017-11-02T21:00:00+00:00,2017-11-02T23:30:00+00:00,18,'Mysticssippi' blues man Harry Manx has been called an 'essential link' between the music of East and West,0,£12.00
CLUB,Amplified,0,,,42nd Street Nightclub,4,Nightclub,,2017-11-01T23:00:00+00:00,2017-11-02T03:00:00+00:00,18,"From now on 42's will be open 5 nights a week!! Expect massive tunes, cheap drinks and an awesome night!

",0,£3
CLUB,Even Stranger Things Halloween Party,0,,,The Night Owl,4,Nightclub,,2017-10-28T21:00:00+00:00,2017-10-29T03:00:00+00:00,18,Stranger Things themed Halloween party!,0,£6
LIVE,The Uproars + specials guests,0,,,The Night Owl,4,Nightclub,,2017-11-04T19:30:00+00:00,2017-11-05T10:30:00+00:00,18,The Uproars play live at The Night Owl!,0,£6
LIVE,The Attic Doctors // Noah Noah // Headclouds,0,,,The Castle Hotel,4,live,,2017-11-04T19:30:00+00:00,2017-11-04T23:00:00+00:00,18,Scruff of the Neck presents,1,6
THEATRE,DBY Halloween - Wonderland 31st Oct 8pm,0,,,Camp And Furnace,4,bar,,2017-10-31T20:00:00+00:00,2017-10-31T21:00:00+00:00,18,Horror and scare event where you are taken on a journey to #SaveAlice. Meeting gruesome and cruel characters on the way.,2,17.50
LIVE,LA GUNS REUNION supported by stone trigger,0,,,TRASH Bradford (Rock Club And Late Spot),4,Nightclub,,2017-11-03T20:00:00+00:00,2017-11-04T05:00:00+00:00,18,"CATCH THE ONLY LA GUNS REUNION SHOW OUTSIDE LONDON ONLY AT TRASH BRADFORD !!
supported by STONE TRIGGER 
PHIL LEWIS & TRACY GUNS ARE BACK !!! 
",78,£8 adv
LIVE,Nell's Halloween Party,0,,,Nell's Jazz And Blues,4,live,,2017-10-31T19:30:00+00:00,2017-11-01T04:00:00+00:00,0,Halloween Party at Nell's with The Skylarks + The Soul Immigrants,0,£10
KIDS,Pumpkin Carving,0,,,Brockholes Nature Reserve,4,Outdoors,,2017-10-30T10:00:00+00:00,2017-10-30T16:00:00+00:00,2,"Pumpkin Carving is back at Brockholes, one of most popular events of the year! So pick your pumpkin, get carving and enter our competition!",0,"£1.00pp entry (under 2&#39;s free), £3.00 per pumpkin"
LIVE,Wishbone Ash with Steve Hill,0,,,The Railway,4,live,,2017-10-28T19:00:00+00:00,2017-10-28T23:30:00+00:00,18,Wishbone Ash U.K Tour 2017 hits the Open Road with Steve Hill-Twin guitars-Classic Rock.  ,44,17.50
THEATRE,DBY Halloween - Wonderland 1st Nov 9.20pm,0,,,Camp And Furnace,4,bar,,2017-11-01T21:15:00+00:00,2017-11-01T22:15:00+00:00,18,Horror and scare event where you are taken on a journey to #SaveAlice. Meeting gruesome and cruel characters on the way.,0,18
THEATRE,DBY Halloween - Wonderland 3rd Nov 8pm,0,,,Camp And Furnace,4,bar,,2017-11-03T20:00:00+00:00,2017-11-03T21:00:00+00:00,18,Horror and scare event where you are taken on a journey to #SaveAlice. Meeting gruesome and cruel characters on the way.,5,18
THEATRE,DBY Halloween - Wonderland 2nd Nov 7.40pm,0,,,Camp And Furnace,4,bar,,2017-11-02T19:45:00+00:00,2017-11-02T20:45:00+00:00,18,Horror and scare event where you are taken on a journey to #SaveAlice. Meeting gruesome and cruel characters on the way.,5,18
THEATRE,DBY Halloween - Wonderland 2nd Nov 10pm,0,,,Camp And Furnace,4,bar,,2017-11-02T22:00:00+00:00,2017-11-02T23:00:00+00:00,18,Horror and scare event where you are taken on a journey to #SaveAlice. Meeting gruesome and cruel characters on the way.,0,18
THEATRE,Michael Morpurgo's King Arthur,0,,,The Core,0,Theatre,,2017-10-28T13:00:00+00:00,2017-10-28T14:15:00+00:00,0,"An epic tale of magic, heroism, love and betrayal adapted from the novel Arthur: High King of Britain, by Michael Morpurgo.

",0,Full £14.50
CLUB,candypants leeds &#8226; terror tour &#8226; 28.10.17 &#8226; oracle,0,,,Oracle,3,Nightclub,,2017-10-28T22:00:00+00:00,2017-10-29T04:00:00+00:00,18,Our Halloween Terror Tour returns to Oracle this year in Leeds,125,£15
CLUB,Republic Artists Halloween Boat Party & Egg afterparty,0,,,Golden Sunrise,4,Nightclub,,2017-10-28T18:00:00+00:00,2017-10-29T08:00:00+00:00,18,"It's Halloween, time to join dark forces! If you attended last Halloween party you know the score. Dress to impress and we'll take care of the rest!",153,£10 - £30
LIVE,Jungle (Live),0,,,Invisible Wind Factory,4,live,,2017-11-01T19:00:00+00:00,2017-11-01T23:00:00+00:00,18,"Liverpool Music Week presents modern soul music collective Jungle live at Invisible Wind Factory, Liverpool.
",305,£17.50 Adv
THEATRE,Michael Morpurgo's King Arthur,0,,,Carriageworks Theatre,5,Theatre,,2017-10-27T13:00:00+00:00,2017-10-27T14:15:00+00:00,0,"An epic tale of magic, heroism, love and betrayal adapted from the novel Arthur: High King of Britain, by Michael Morpurgo.",0,"Full £9.50, Conc. £8.50, Family Four £34"
CLUB,Top Of The Pops with Emma Cook & Gus Gorman,0,,,Mint Lounge,4,Nightclub,,2017-11-03T22:30:00+00:00,2017-11-04T04:00:00+00:00,18,Start off your #mintweekend with a soundtrack of the very best popular music ever released! All at the only nightclub in the Northern Quarter!,0,4
ARTS,Hidden Talents Fine Art Exhibition,0,,,The Arches Project,0,live,,2017-11-04T11:00:00+00:00,2017-11-16T15:00:00+00:00,18,"The Arches Project presents Hidden Talents fine art exhibition.

A diverse collection of artwork produced by artists from the UK and overseas
",0,£2 entry 
LIVE,Deanna Bogart & Paddy Milner,0,,,Zigfrid Von Underbelly,4,bar,,2017-11-01T19:30:00+00:00,2017-11-01T23:30:00+00:00,0,"American pianist & saxophonist Deanna Bogart makes her first visit to the UK in 15 years and joins Londoner Paddy Milner (Tom Jones, Jack Bruce) for a four-hand",0,£15.65 (£17 inc fee)
BARPUB,Cooper Hall Northern Quarter,0,,,Cooper Hall,0,bar,,2017-10-28T14:00:00+00:00,2017-10-29T01:00:00+00:00,18,"Northern Quarters finest beer house.
Live Music, DJ's, Open 7 days a week.",0,Free
KIDS,The Haunted Hall Halloween Ball,0,,,The Coatham Memorial Hall,4,live,,2017-10-29T17:00:00+00:00,2017-10-29T18:30:00+00:00,2,"The Haunted Hall Children's Halloween Ball is the must go to event for all your little monsters and ghouls! 

Trick or Treat in style this Halloween!",6,£8 Child Ticket
SPORT,The Pink Run,0,,,Victoria Park,0,Outdoors,,2017-10-29T12:00:00+00:00,2017-10-29T14:00:00+00:00,0,The Pink Run is Back!!,0,£15
LIVE,Justin Sullivan of New Model Army ,0,,,The Continental,4,live,,2017-11-05T20:00:00+00:00,2017-11-05T23:00:00+00:00,18,New Model Army's founder and main songwriter returns to The Continental for the first time since his sold out show with Dean White back in 2011.  ,61,£13 advance / £15 on the door 
LIVE,Music in the Round Autumn Concert - Van Kuijk String Quartet,0,,,Upper Chapel,4,live,,2017-10-28T19:15:00+00:00,2017-10-28T21:00:00+00:00,18,The enthusiasm at their concert in 2016 was such that we have invited this quartet back this autumn and they are now BBC new generation artist.,0,£20;£14 Disabled:Unemployed;£5 Students:Under 35s
THEATRE,Christmas is Magical,0,,,Babbacombe Theatre,3,Theatre,,2017-11-01T14:30:00+00:00,2017-11-01T16:45:00+00:00,1,"Music, Magic and Mirth in all its guises is what &#8216;Christmas is&#8230;Magical&#8217; promises this season at the Babbacombe Theatre. ",0,"Adults £20, Seniors £19, Children £10"
CLUB,Scott Brown: UK Hardcore Classics,0,,,The Basement And Sugar Sugar,4,Nightclub,,2017-11-03T22:00:00+00:00,2017-11-04T03:00:00+00:00,18,'THE RETURN OF THE KING' - Scott Brown returns to his home town of Cumbernauld for a night dedicated to UK Hardcore Classics.,44,£10
THEATRE,Shakespeare School's Festival,0,,,Stantonbury Theatre,0,Theatre,,2017-11-08T19:00:00+00:00,2017-11-10T22:00:00+00:00,0,Join us for a series of unique Shakespeare productions staged by your schools.,0,Ticket prices: £9.50/concessions £7 
LIVE,Halloween: Los Labios + Barbarella&#8217;s Bang + Sleaze,0,,,The Magic Garden,3,live,,2017-10-28T20:00:00+00:00,2017-10-29T01:00:00+00:00,18,Halloween at the Magic Garden features a rocking selection of bands plus our best theme ever: Shaun of the Dawn of the Day of the Dead!!!,0," Free before 7pm, £7 after"
CLUB,candypants sheffield &#8226; terror tour &#8226; 28.10.17 &#8226; house of hugo,0,,,House Of Hugo,3,Nightclub,,2017-10-28T22:30:00+00:00,2017-10-29T02:00:00+00:00,18,Our Halloween Terror Tour returns to House of Hugo in Sheffield,32,£10
CLUB,FRi251 | Fridays at Factory,0,,,FAC 251 The Factory,3,Nightclub,,2017-11-03T23:00:00+00:00,2017-11-04T04:00:00+00:00,18, #FRi251 | Fridays at Factory | 3 Floors of Music Choice | 99p Entry & Drinks before Midnight.,0,Entry From £1
LIVE,London Concertante - Vivaldi Four Seasons by Candlelight,0,,,Southwark Cathedral,4,live,,2017-11-04T19:30:00+00:00,2017-11-04T21:30:00+00:00,0,London Concertante perform Vivaldi's Four Seasons by Candlelight!,3,£19 - £32
KIDS,Mad Science Halloween Special,0,,,Brockholes Nature Reserve,4,Outdoors,,2017-11-03T10:15:00+00:00,2017-11-03T14:00:00+00:00,5,A Mad Scientist will be back at Brockholes this half term to present one of their exciting hands on Halloween themed sessions!,42,"From £8.95, Adults free of charge"
LIVE,Whitney Houston Tribute Night by Kim Robinson,0,,,Westone Manor Hotel,0,Hotel,,2017-10-28T21:30:00+00:00,2017-10-28T23:45:00+00:00,18,A tribute show performed by a sensational female vocalist Kim Robinson,0,£12 - £15
LIVE,FROM INSIDE w/ Supports @ Wrexham,0,,,Rewind,0,Nightclub,,2017-10-27T19:00:00+00:00,2017-10-27T23:00:00+00:00,14,"From Inside, metal band on tour in Wrexham.",0,5.00
LIVE,Live Indie Psych Rock at the Lanes!,0,,,The Lanes,4,Nightclub,,2017-11-03T19:00:00+00:00,2017-11-03T22:00:00+00:00,18,"DONUT RECORDS PRESENTS
A night of live indie and psych rock!
",5,Adv Tickets £4
CLUB,Disco Undead 2,0,,,Basement 45,3,Nightclub,,2017-10-28T22:00:00+00:00,2017-10-29T03:00:00+00:00,18,The Disco Undead Return : Unspeakable Halloween grooves. ,133,£6
DANCE,Dance Fitness Classes,0,,,The Dancehouse Theatre,5,Theatre,,2017-11-07T19:00:00+00:00,2017-11-07T20:00:00+00:00,16,"Don't like working out in the gym, but still want to stay fit? We can offer you unique experience, which combines fitness & dance together! ",0,For the first session only £2 on entrance
EXHIB,Crime Live the Forensic Science Crime Scene Examination,0,,,University Of Manchester,0,Sports,,2017-11-03T19:00:00+00:00,2017-11-03T22:00:00+00:00,18,Become a crime scene investigator for the night and work with the forensic experts to solve a murder. Fantastic Opportunity not to be missed!,0,"First 300 tickets at £16.50 available to buy now, "
LIVE,Kellerfest Live Music Night,0,,,Bierkeller Liverpool,4,bar,,2017-10-29T20:00:00+00:00,2017-10-30T11:30:00+00:00,18,"KELLERFEST IS BACK & we're bringing you Sundays full of live music!
Free entry & fanstistic offers on our legendary steins!",0,Free
FOOD,Book your Christmas Party,0,,,Shaka Zulu,3,Nightclub,,2017-11-01T18:00:00+00:00,2017-11-15T20:00:00+00:00,0,"The nights are drawing in, there's a chill in the air - that can only mean one thing! It&#8217;s Christmas!!! Well... almost! ",0,Packages start from: GBP 45
FOOD,Book your Christmas Party,0,,,Shaka Zulu,3,Nightclub,,2017-11-01T18:00:00+00:00,2017-11-15T20:00:00+00:00,0,"The nights are drawing in, there's a chill in the air - that can only mean one thing! It&#8217;s Christmas!!! Well... almost! ",0,Packages start from: GBP 45
FUND,"Bonfire, fairground, food stalls and Fireworks!",0,,,Worcester Racecourse,0,live,,2017-11-04T17:30:00+00:00,2017-11-04T20:30:00+00:00,0,"Worcester Round Table organises the biggest local bonfire, fairground, food stalls and fireworks once more! ",0,Tickets still £ 2 for a child (
EXHIB,CAN'T WIN DON'T TRY presents: DEATH IN PARADISE,0,,,Five Miles,4,Nightclub,,2017-10-31T18:00:00+00:00,2017-11-01T02:00:00+00:00,18," CAN&#8217;T WIN DON&#8217;T TRY presents: DEATH IN PARADISE at Five Miles, Tottenham.",18,FREE
CLUB,Cake's Massive Grave-Up - Halloween Boat Party,0,,,Tamesis Dock,4,bar,,2017-10-28T21:00:00+00:00,2017-10-29T02:00:00+00:00,18,"Cake returns to its floating spiritual home with a record box full of haunted house bangers, bone-chilling breaks, deadly disco & hair-raising remixes",75,8
LIVE,BACH for NEPAL,0,,,St. Mark's Church Broomhill Sheffield,0,live,,2017-11-03T20:00:00+00:00,2017-11-03T22:00:00+00:00,0,"Bach
 BACH Brandenburgh Concerto no5 
Violin concerto in A min 
Double violin concerto in D  min 
Directed from the harpsichord by Gordon Bushridge
",0,free
CLUB,quids in | uk's biggest student party | every monday,0,,,FAC 251 The Factory,3,Nightclub,,2017-11-06T23:00:00+00:00,2017-11-07T04:00:00+00:00,18,&#9733;&#9733; QUIDS IN &#9733;&#9733; Officially the UK's biggest Student Night! £1 ENTRY & (£1 DRINKS ALL NIGHT)!! OPEN 10.30PM - 4AM,23,Entry from £1
LIVE,Akala,1,Due to unforeseen circumstances,2018-04-24,O2 Academy2 Birmingham,4,live,,2017-11-05T19:00:00+00:00,2017-11-05T23:00:00+00:00,8,Live Nation presents Akala plus special guests live at O2 Academy Birmingham 2,0,15.00
LIVE,Akala,1,Due to unforeseen circumstances,2018-04-29,The Concorde 2,4,live,,2017-10-29T19:00:00+00:00,2017-10-29T23:00:00+00:00,14,Live Nation presents Akala plus special guests live at The Concorde 2 Brighton,0,15.00
DANCE,Beginners 50s Jive dance lessons (Tue),0,,,SINBIN At The Plough And Harrow,0,live,,2017-10-31T19:45:00+00:00,2017-10-31T22:00:00+00:00,16,"Beginners 50s Jive dance lessons Jive, dance lessons, beginners, no experience needed

",0,£5.00
CLUB,"LooseCrawl | The Crawling Dead Hosted by CHLOE, MARNIE & SAM GSHORE ",0,,,All Over NEWCASTLE,3,Nightclub,,2017-10-29T20:00:00+00:00,2017-10-30T03:00:00+00:00,18,"After our HUGE Fresher's Bar Crawl with record breaking numbers, we're ready for Round 2! Are you?

Be prepared for.....THE CRAWLING DEAD!
",16,£6-£15
CLUB,CTRL Z Launch Party,0,,,The Mash House,4,Nightclub,,2017-11-03T23:00:00+00:00,2017-11-04T03:00:00+00:00,18,"CTRL Z launches on 3rd November with an eclectic music policy focusing on underground electronic music from House & Techno to Bass Music & beyond.
",0,From £1 advance
CLUB,Secretsundaze 'Club Kids' Halloween Party,0,,,Oval Space,3,Nightclub,,2017-10-28T22:00:00+00:00,2017-10-29T05:00:00+00:00,18,Secretsundaze are pumped to bring news of their Halloween bash 2017! Taking place on Saturday...,0,"Advance: £17.5, Advance 2nd: £19.5."
CLUB,Sunset Sunday ,0,,,Lola Lo,3,Nightclub,,2017-10-29T22:00:00+00:00,2017-10-30T03:00:00+00:00,18,"SUNSET SUNDAYS!! Every Sunday @ Lola Lo bringing you yet another Sunday full of vibes, sexy people, and awesome prizes....  
",2,£3 - £5
COMEDY,Thursday Nights at the Backyard Comedy Club,0,,,Backyard Comedy Club,4,bar,,2017-11-02T20:00:00+00:00,2017-11-02T22:30:00+00:00,18,A great night out with some of the best comics from around the world!,0,£5-£15
CLUB,Empire presents house of horrors,0,,,The Empire,4,other,,2017-10-28T22:00:00+00:00,2017-10-29T03:00:00+00:00,18,"empire brings to you the house of horrors , full venue decor , 2 rooms , headlne djs and more, expect to be scared! ",57,6
CLUB,Old Skool RnB Session ,0,,,Greater Than Gatsby,0,bar,,2017-10-28T20:00:00+00:00,2017-10-29T00:30:00+00:00,21,Playing the best of Old Skool RnB in a stylish and sexy cocktail bar. ,16,3.00
CLUB,The Ice Factorys Halloween Haunted House Party ! + GROOVEMENT,0,,,The Ice Factory,4,Nightclub,,2017-10-28T23:00:00+00:00,2017-10-29T02:00:00+00:00,18,"The Ice Factory Present: The Halloween Haunted House Party !
+ Groovement Halloween with Deep Space Orchestra",226,10.00
CLUB,Funkademia with David Dunne,0,,,Mint Lounge,4,Nightclub,,2017-11-04T22:30:00+00:00,2017-11-05T04:00:00+00:00,18,Funkademia at Mint Lounge ,75,£5 before 11 / £6 after
BARPUB,Quiz Night,0,,,The Blind Pig,0,live,,2017-11-02T21:00:00+00:00,2017-11-02T23:00:00+00:00,18,Every Thursday join Quizmaster Julian on a quest for knowledge. This is a fun quiz so come down and have a laugh.,0,£1
THEATRE,Fire at The Clarence,0,,,Cygnet Theatre,0,Theatre,,2017-10-31T19:30:00+00:00,2017-11-11T22:00:00+00:00,12,A new community play by Mark Carey,0,£10
ARTS,Halloween Friday Late,0,,,Handel And Hendrix In London,0,live,,2017-10-27T19:00:00+00:00,2017-10-27T22:00:00+00:00,18,Halloween themed night of live music in Handel and Hendrix's former homes,0,£15 early birds; £20
SPORT,Anthony Joshua V Carlos Takam,0,,,The Milton Club,3,Nightclub,,2017-10-28T20:00:00+00:00,2017-10-29T00:00:00+00:00,18,Exclusive boxing screening LIVE at The Milton Club. Anthony Joshua V Carlos Takam,25,£10
LIVE,Kevara Klezmer Ceilidh,0,,,South Brent Village Hall,0,Nightclub,,2017-10-27T19:30:00+00:00,2017-10-27T23:00:00+00:00,0,"A called dance event with live band, caller and singer like a ceilidh but with East European music.",0,£8.50/7
COMEDY,Gits & Shiggles Comedy,0,,,The Half Moon,3,live,,2017-11-07T20:00:00+00:00,2017-11-07T23:00:00+00:00,0,"Gits and Shiggles is one of London's best comedy nights, organizing events throughout the capital as well as monthly at its residency...",0,Adv Ticket: £8.
CLUB,Carnevil,0,,,Harlem Nightclub Dunfermline,3,Nightclub,,2017-10-28T22:00:00+00:00,2017-10-29T03:00:00+00:00,18,Join us for another massive Halloween party here at Harlem. Will you dare enter the big top...,5,£5 Standard Entry.
LIVE,Live Music: Jelly Cleaver // Dana Burkhard // Aid Lewis,0,,,Apples  And  Pears,3,bar,,2017-11-01T20:00:00+00:00,2017-11-01T22:00:00+00:00,21,"Join us for some live music from Jelly Cleaver with Dana Music & Aid Lewis.
",0,Free
THEATRE,The Pendle Witch presented by Lexi Wolfe,0,,,HEART (Headingley Enterprise And Arts Centre),0,live,,2017-10-27T19:00:00+00:00,2017-10-27T21:30:00+00:00,12,"A fabulous witchy story just right for Hallowe'en, presented by the spooky Lexi Wolfe",0,£8/£6 concessions
EXHIB,Brass Art: Gestured,0,,,Chetham's Library,0,Other,,2017-11-06T22:00:00+00:00,2017-11-11T16:30:00+00:00,0,"A constellation of artworks inspired by alchemy, transformation and symbolic gesture, hidden within the books and secret spaces of Chetham&#8217;s Library. ",0,Free
LIVE,Absolute Bowie - Ziggy Stardust Special,0,,,The Half Moon,3,live,,2017-11-03T20:00:00+00:00,2017-11-03T23:00:00+00:00,0,Absolute Bowie's live set dedicated to 'The Rise and Fall of Ziggy Stardust'. The perfect way to relive the album and theatrical performances of Bowie,0,Adv Ticket: GBP 14
LIVE,Culture,1,Unforeseen Circumstances,,Fiddlers,4,live,,2017-11-05T19:00:00+00:00,2017-11-05T23:00:00+00:00,18,AGMP Presents Jamaican roots reggae three-piece Culture performing songs from 'Two Sevens Clash' as part of its 40th Anniversary,1,17.50
CLUB,Halloween Weekend!,0,,,Club Tropicana,3,Nightclub,,2017-10-27T23:00:00+00:00,2017-10-29T02:00:00+00:00,18,Get your early bird tickets for Aberdeen's BIGGEST Retro Halloween party only at Club Tropicana & Vogue!!,13,Get Early Bird Tickets Online!
FEST,Oktoberfest Gloucester,0,,,Gloucester Midland Rd,2,Outdoors,,2017-10-27T18:00:00+00:00,2017-10-28T23:00:00+00:00,18,Oktoberfest Gloucester - Friday 27th & Saturday 28th October - Gloucester ,80,10
FEST,Oktoberfest Croydon,0,,,Wandle Park,0,Outdoors,,2017-10-27T18:00:00+00:00,2017-10-28T23:00:00+00:00,18,Oktoberfest Croydon - Friday 27th & Saturday 28th October - Croydon ,6,10
EXHIB,Trapped in a Prison Van: An Immersive Escape Game,0,,,Bunker 51,0,Sports,,2017-11-06T18:30:00+00:00,2017-11-06T21:30:00+00:00,16,"Test your skills in an authentic prison van from the 1980's, refurbished to create the ultimate prison break experience.",0,30
EXHIB,Trapped in a Prison Van: An Immersive Escape Game,0,,,Bunker 51,0,Sports,,2017-11-07T18:30:00+00:00,2017-11-07T21:30:00+00:00,16,"Test your skills in an authentic prison van from the 1980's, refurbished to create the ultimate prison break experience.",0,30
CLUB,SoulJam - The Best In Boogie - Birmingham,0,,,LAB11,4,Nightclub,,2017-11-08T23:00:00+00:00,2017-11-09T03:00:00+00:00,18,"After a huge launch in Birmingham, we are back in Lab11 for a celebration of all things boogie!",232,£5/7
CLUB,24 Hour Garage Girls Zombie Apocalypse ,0,,,Hawker Yard,4,live,,2017-10-28T22:00:00+00:00,2017-10-29T03:00:00+00:00,18,"You seen them bossing up Boomtown Festival, and now the Garage girls are coming to Birmingham ! Expect Garage, Bassline, Jungle, and more",3,5/7.50/10
CONF,Networking Open Afternoon,0,,,Tapton Hall,3,Other,,2017-10-30T14:00:00+00:00,2017-10-30T16:00:00+00:00,0,"Network whilst looking around our facilities, having the chance to visualise how your corporate event may look. ",7,Free 
CLUB,Too Many Zooz,0,,,O2 Academy 2 Sheffield,3,Nightclub,,2017-11-05T19:00:00+00:00,2017-11-05T23:00:00+00:00,14,Futuresound Events presents Too Many Zooz live at O2 Academy Sheffield,2,21
BARPUB,Friends Quiz,0,,,The Fitzgerald Heaton Moor,0,bar,,2017-10-27T19:00:00+00:00,2017-10-27T21:00:00+00:00,18,Do you watch re-runs of Friends every night after work? Now it's time to put that knowledge to the ultimate test.,0,From £4
CLUB,Liquicity London,0,,,Electric Brixton,4,Nightclub,,2017-11-04T22:00:00+00:00,2017-11-05T06:00:00+00:00,18,Liquicity returns to London!*  A full night of Drum & Bass music with a Liquicity all star line up. Final tickets are on sale now.,0,"2nd Tier: £15, 3rd Tier: £20."
CLUB,Tres Amigos Halloween with Lovely Laura & Ben Santiago,0,,,Venus,4,Nightclub,,2017-10-27T22:00:00+00:00,2017-10-28T05:00:00+00:00,18,"Tres amigos return to Manchester for a spooky Halloween special with the amazing Lovely Laura live on Sax, Ben Santiago & more.",251,£15
CLUB,Spooktacular Halloween Part 2,0,,,Bourbon,3,Nightclub,,2017-10-31T22:30:00+00:00,2017-11-01T03:00:00+00:00,18,Spooktacular Halloween Part II w/ Secret Special Guests,210,£10.00
CLUB,Halloween Madness 16+ Featuring Special Guest,0,,,The Venue,3,Nightclub,,2017-10-27T21:00:00+00:00,2017-10-28T01:30:00+00:00,16,Our popular annual Halloween event is creeping up on us.,40,7
LIVE,Nightmare Circus Halloween Party ,0,,,The Magic Roundabout,3,Nightclub,,2017-10-28T17:00:00+00:00,2017-10-28T23:00:00+00:00,18,"Join Budweiser, the King of Fears, for its thrilling Nightmare Circus, taking over The Magic Roundabout at Old Street and headlined by FOALS (DJ set)",0,FREE
EDU,Arm Knit a Throw,0,,,Brighton Unitarian Church,0,live,,2017-10-28T11:00:00+00:00,2017-10-28T16:00:00+00:00,18,Arm knit a giant cosy throw with us!,0,£50
ARTS,Museums at Night: Blitzed at the Palace,0,,,Fulham Palace,0,Gallery,,2017-10-27T18:30:00+00:00,2017-10-27T22:00:00+00:00,18,"A heady evening of vintage cocktails, swing dancing, live music and performance. ",0,£15.50 per person 
FOOD,The Rumours Are True - W London Launches Dining Series,0,,,W London Leicester Square,3,Theatre,,2017-10-27T18:00:00+00:00,2017-10-27T23:00:00+00:00,18,Magnus Reid will be kicking off the dining series served in the soon-to-open The Perception at W London.,0,FREE
LIVE,10 000 Russos,0,,,Conroy's Basement,3,live,,2017-10-27T19:00:00+00:00,2017-10-27T23:00:00+00:00,18,"
£6 Advance Tickets are Available via SeeTickets.com
Dundee &#8211; 27 October &#8211; Conroy&#8217;s Basement - https://goo.gl/RkZqXW",0,£6
FEST,Resident Evil Live Playthrough,0,,,The Banshee Labyrinth,4,live,,2017-10-27T14:00:00+00:00,2017-10-31T16:30:00+00:00,18,Live playthrough of the survival horror gaming series,0,Free
FEST,Spiritual Skype,0,,,The Banshee Labyrinth,4,live,,2017-10-27T17:15:00+00:00,2017-10-30T18:15:00+00:00,18,Is there an afterlife? How do we find out what's on the other side? Do they have a good WIFI connection?,0,Free
FEST,The Skeptic Psychic,0,,,The Banshee Labyrinth,4,live,,2017-10-27T18:30:00+00:00,2017-11-01T07:30:00+00:00,18,Don't believe in fortune telling but always wanted to give it a try?  The Skeptic Psychic is here to help!,0,Free
FEST,We All Have Fears,0,,,The Banshee Labyrinth,4,live,,2017-10-27T18:00:00+00:00,2017-10-31T19:00:00+00:00,18,"We're all afraid of something, despite what you may tell yourself.  Be it clowns, spiders, death, or the dark",0,Free
FEST,Skeptics at the Horror Festival,0,,,The Banshee Labyrinth,4,live,,2017-10-28T19:45:00+00:00,2017-10-28T21:15:00+00:00,18,3 spine-tingling talks from the people who brought you the award winning Skeptics on the Fringe.  ,0,Free
FEST,The Banshee Screams,0,,,The Banshee Labyrinth,4,live,,2017-10-29T20:30:00+00:00,2017-10-29T23:00:00+00:00,18,"The Banshee Labyrinth structures, programmes and presents a musical centrepiece to the entire weekend.",0,free
FEST,The Red Death,0,,,C C Blooms,0,Nightclub,,2017-10-28T15:00:00+00:00,2017-10-28T16:00:00+00:00,18,"Based on the Edgar Allan Poe short story, this new gothic play tells the tale of one eccentric Prince Prospero",0,£6.00 / £5.00
FEST,Glass Slippers and Silver Bullets,0,,,C C Blooms,0,Nightclub,,2017-10-27T16:45:00+00:00,2017-10-31T17:45:00+00:00,8,Glass Slippers and Silver Bullets mixes fairy tale and horror tropes as Cinderella's big night gets a whole lot... hairier,0,free
FEST,EVR Virtual Reality Horror Games,0,,,EDINBURGH OCEAN TERMINAL LEITH,0,Outdoors,,2017-10-27T16:00:00+00:00,2017-10-31T19:00:00+00:00,18,Fully immersive virtual reality horror gaming events.  Enter the world of real survival horror.,0,£30 for up to 3 people
FEST,Scott Redmond Departures,0,,,Monkey Barrel Comedy,4,bar,,2017-10-27T18:30:00+00:00,2017-10-31T19:30:00+00:00,18,"Redmond faces his demons whilst trying to pay tribute to his heroes: Tom Jones, Leonard Cohen, and Elvis Presley.",0,free
FEST,Ross Hepburn is Beetlejuice'd,0,,,Monkey Barrel Comedy,4,bar,,2017-10-27T19:45:00+00:00,2017-10-31T20:45:00+00:00,18,Most 7 year olds don't pick a ghost as a role model. But Ross Hepburn wasn't like most 7 year olds.,0,free
FEST,The Other Way to Die On Stage,0,,,Monkey Barrel Comedy,4,bar,,2017-10-27T22:15:00+00:00,2017-10-31T23:15:00+00:00,18,"Welcome to the Cabaret Inadequate! Comedy, psychics, nails, hammers, knives, water, electrics. What could possibly go wrong?",0,free
FEST,The Other Way to Die On Stage,0,,,Monkey Barrel Comedy,4,bar,,2017-10-27T22:15:00+00:00,2017-10-31T23:15:00+00:00,18,"Welcome to the Cabaret Inadequate! Comedy, psychics, nails, hammers, knives, water, electrics. What could possibly go wrong?",0,free
CONF,The October Revolution: 100 Years On,0,,,Partick Burgh Halls,0,live,,2017-11-01T19:30:00+00:00,2017-11-01T21:30:00+00:00,0,"In its centenary year, join us for a discussion on the October Revolution with Prof. Hillel Ticktin.",0,0
CLUB,What Rocks Beneath... (Club Night),0,,,The Boulevard,0,live,,2017-10-27T22:00:00+00:00,2017-10-28T05:00:00+00:00,18,An extensive mix of alternative genres are waiting for you down below...,0,Free Entry
CLUB,Halloween Fancy Dress Party Night at Hammersmith Salsa Club,0,,,Hammersmith Salsa Club,0,Nightclub,,2017-10-28T19:00:00+00:00,2017-10-28T23:45:00+00:00,18,Halloween Fancy Dress Salsa Party Night at Hammersmith Salsa Club,178,£10
COMEDY,Women in Comedy Festival Wrap Party,0,,,Frog And Bucket Comedy Club,4,Theatre,,2017-10-29T19:00:00+00:00,2017-10-29T23:00:00+00:00,18,The festival wrap party is always the biggest night and this year we will be showcasing on the wealth of talent we have in the North West,2,£15
THEATRE,The Mysterious Gentleman,0,,,The Courtyard Theatre,4,bar,,2017-10-31T19:30:00+00:00,2017-11-14T21:45:00+00:00,0,"A play incorporating stage magic exploring what lies beyond death, told through the life story of mercurial magician JN Maskelyne.",0,"Price: £14, £11 Concession"
THEATRE,The Mysterious Gentleman,0,,,The Courtyard Theatre,4,bar,,2017-10-31T19:30:00+00:00,2017-11-14T21:45:00+00:00,0,"A play incorporating stage magic exploring what lies beyond death, told through the life story of mercurial magician JN Maskelyne.",0,"Price: £14, £11 Concession"
THEATRE,The Mysterious Gentleman,0,,,The Courtyard Theatre,4,bar,,2017-10-31T19:30:00+00:00,2017-11-14T21:45:00+00:00,0,"A play incorporating stage magic exploring what lies beyond death, told through the life story of mercurial magician JN Maskelyne.",0,"Price: £14, £11 Concession"
FILM,Crystal palace International Film Festival,0,,,Stanley Halls London,0,Other,,2017-10-27T19:30:00+00:00,2017-11-10T23:00:00+00:00,18,"Amazing Films from across the globe, Food & Drink, meet film makers",0,5
BARPUB,Live Music - Chain,0,,,The Wheatsheaf,0,bar,,2017-10-29T18:30:00+00:00,2017-10-30T09:30:00+00:00,18,Wheatsheaf favourites Chain return for a evening of fantastic music.,0,0.00
LIVE,Autobahn,0,,,The Louisiana,4,live,,2017-11-08T20:00:00+00:00,2017-11-08T22:45:00+00:00,16,"Gravy Train presents AUTOBAHN, plus special guests.

The Louisiana, Bristol
Wednesday 8th November

FFO: Bauhaus, Early Horrors, Eagulls.",13,8
KIDS,SayTwo: Pirates of the Black Pearl,0,,,The Old Courts,4,live,,2017-10-28T14:00:00+00:00,2017-10-28T15:00:00+00:00,3,Halloween swashbuckler for children aged 3-10. Theatre fun for pirate lovers and excited children. A great seasonal treat.,0,£5.35 &#8211; £6.42
CLUB,Camden Pub Crawl-Oween,0,,,Fifty Five Bar,2,bar,,2017-10-31T20:00:00+00:00,2017-11-01T04:00:00+00:00,18,"Spooktacular goings on this Halloween in Camden, with not one but 4 Halloween parties in one night!",3,£15-£25
EXHIB,SCART Wedding Fayre,0,,,Sutton Coldfield Town Hall,0,live,,2017-11-05T11:00:00+00:00,2017-11-05T15:00:00+00:00,18,"Sutton Coldfield Arts and Recreational Trust in conjunction with Just Ticketyboo present, Sutton Coldfield Town Hall's Wedding Fayre 2017.",0,Free
CLUB,Graham and Butler: Anthems At The OperaHouse,0,,,Eventim Olympia,4,live,,2017-10-28T20:00:00+00:00,2017-10-29T02:00:00+00:00,18,"Halloween spectacular with Dave Graham and Lee Butler, featuring Jeremy Healy",22,£35
EXHIB,POL ART NI,0,,,Crescent Arts Centre,5,live,,2017-10-30T09:00:00+00:00,2017-10-30T20:00:00+00:00,0,"Three very different artists, experimenting art and life through the filter of very different personalities and styles.",0,Free
BARPUB,Sunshine Sunday ,0,,,The Richmond Bar,0,live,,2017-10-29T20:00:00+00:00,2017-10-29T23:30:00+00:00,18,"Come and enjoy some amazing music in our lovely and cosy bar.
If you like to book a slot at the open mic inbox StrungOut on Facebook",0,£0.00
COMEDY,Dyergnosis Murder,1,Insufficient pre-event ticket sales ,,Claptrap The Venue,4,live,,2017-11-01T20:00:00+00:00,2017-11-01T23:30:00+00:00,18,"Harriet Dyer returns to Claptrap to delight us with her brand new 2017 show, Dyergnosis Murder. She's a detective dontchya know!",8,£5
SPORT,Guided walk,0,,,Bosworth Battlefield Heritage Centre,0,Other,,2017-10-29T14:00:00+00:00,2017-10-29T15:30:00+00:00,0,Join one of our experienced guides for an informative 2km guided walk exploring the Battle of Bosworth.,0,"Adult £4.50, concs £4, child £3."
EXHIB,EM17:[CO]HERE,0,,,Surface Gallery,5,Gallery,,2017-11-03T18:00:00+00:00,2017-11-18T17:00:00+00:00,0,"Surface Gallery is excited to announce the exhibition for our ninth East Midlands Graduate Project, EM17: [CO]HERE.",0,free
LIVE,Liam McClair / Single Launch Show,0,,,The Whiskey Jar,4,Nightclub,,2017-11-03T19:00:00+00:00,2017-11-03T22:30:00+00:00,18,Top of the Hill presents...,14,£3 ADV // £4 OTD
COMEDY,Comedy in the Brewery,0,,,Windsor And Eton Brewery,3,bar,,2017-11-04T19:00:00+00:00,2017-11-04T22:15:00+00:00,18,"Proper Beer, Proper Comedy. Live on the Factory Floor
November 4th 2017, 8pm.",0,8.00
LIVE,Watford Alive,0,,,St. Marys Church,0,Other,,2017-10-28T16:00:00+00:00,2017-10-28T17:30:00+00:00,18,"Gospel music, life stories and refreshments in historic St Mary's church, Watford ALL FREE!!!!",0,0
EXHIB,Wedding Fayre,0,,,The Retro Room At Vintage Retreat,0,Other,,2017-11-05T23:00:00+00:00,2017-11-06T04:00:00+00:00,0,"Wedding Fayre with a difference,local businesses promoting affordable Weddings with a Vintage twist
Hair & Makeup Demos, Fashion show and Live music ",0,Free
CLUB,The Gallery: Third Party,0,,,Ministry Of Sound,3,Nightclub,,2017-11-03T22:30:00+00:00,2017-11-04T06:00:00+00:00,18,Third Party prepare for their own 'Release Records' showcase on the back of an epic summer season...,0,OTD - £26
CLUB,SPANGLE,0,,,Inkwell,0,other,,2017-11-04T19:30:00+00:00,2017-11-04T23:30:00+00:00,18,Old fashioned disco for LGBT people and their friends. ,0,£3
FOOD,SoulFull Sunday Roast,0,,,Grow,4,Restaurant,,2017-10-29T12:00:00+00:00,2017-10-29T18:00:00+00:00,0,"Join us for a SoulFull Sunday Roast for your belly and DJs playing funk, soul and jazz for your ears! 
",0,Free
CLUB,Halloween PARTY - 24 Kitchen Street,1,DJs have cancelled short notice,,24 Kitchen Street,4,live,,2017-10-31T23:00:00+00:00,2017-11-01T04:00:00+00:00,18,"Halloween at Kitchen Street, the old converted Warehouse - the oldest building in the Baltic Triangle on the scariest night of the year. ",46,£2 / 5 / 8
EXHIB,Jewellery Clearance Sale Pop up Shop,0,,,Trinity Methodist Church,0,Exhibition Centre,,2017-10-28T14:00:00+00:00,2017-10-28T17:15:00+00:00,0,"Jewellery, Accessories and Lingerie Clearance sale up to 75% off RRP for all items! One day pop-up shop.",2,0
FOOD,Sanctum Soho Bottomless Prosecco Brunch,0,,,Sanctum Soho,0,Hotel,,2017-10-28T11:00:00+00:00,2017-11-11T14:30:00+00:00,0,"Join us for an evening of enjoy bottomless processo, live music
",0,Standard: GBP 35
EXHIB,The Power of One,0,,,City Hall,0,Other,,2017-10-31T08:30:00+00:00,2017-11-14T17:30:00+00:00,0,"The Power of One, a photography exhibition shining light on the issue of stem cell and bone marrow donation. ",0,£0
LIVE,Jazz in the Afternoon,0,,,The Clarendon Hotel,0,Hotel,,2017-10-29T16:00:00+00:00,2017-10-29T19:00:00+00:00,18,An afternoon of music and improvisation in the chart bar from a live band performing jazz standards and easy-listening tunes. ,0,FREE
CLUB,Easy Skankin,0,,,The New Adelphi Hull,4,live,,2017-11-04T20:00:00+00:00,2017-11-05T00:00:00+00:00,18,DJs J-Large and The Reverend are back from their summer hols with another night of sweet reggae music!,0,£3 otd
